牙刷,牙膏,毛巾,肥皂,洗髮精,沐浴乳,掃把,拖把,吸塵器,垃圾桶
剪刀,美工刀,膠帶,膠水,釘書機,原子筆,鉛筆,橡皮擦,尺,筆記本
電風扇,冷氣,冰箱,電視,洗衣機,微波爐,烤箱,電鍋,熱水瓶,保溫杯
便當盒,筷子,湯匙,叉子,碗,盤子,鍋子,菜刀,砧板,圍裙
手電筒,電池,充電器,延長線,燈泡,檯燈,時鐘,鬧鐘,鏡子,梳子
指甲剪,棉花棒,牙線,刮鬍刀,衛生棉,尿布,奶瓶,奶嘴,嬰兒車,輪椅
拐杖,助行器,血壓計,體溫計,體重計,急救箱,OK繃,滅火器,安全帽,雨衣
雨鞋,泳衣,泳鏡,泳帽,救生圈,帳篷,睡袋,手推車,行李箱,鑰匙
鎖頭,錢包,信用卡,悠遊卡,身分證,健保卡,駕照,護照,存摺,印章
發票,收據,信封,信紙,郵票,明信片,包裹,禮物,卡片,氣球
彩帶,拉炮,蠟燭,打火機,火柴,蚊香,殺蟲劑,防蚊液,防曬乳,護唇膏
護手霜,乳液,香水,髮膠,定型液,面膜,化妝水,粉底液,口紅,眼線筆
眉筆,腮紅,睫毛膏,卸妝油,洗面乳,牙籤,吸管,塑膠袋,橡皮筋,迴紋針
長尾夾,便利貼,白板筆,奇異筆,螢光筆,修正帶,立可白,計算機,字典,地球儀
放大鏡,顯微鏡,望遠鏡,指南針,地圖,相機,腳架,自拍棒,隨身碟,硬碟
滑鼠,鍵盤,螢幕,喇叭,耳機,投影機,印表機,傳真機,碎紙機,除濕機
空氣清淨機,掃地機器人,熨斗,掛燙機,縫紉機,體脂計,按摩椅,跑步機,啞鈴,瑜珈墊
跳繩,彈力帶,呼拉圈,球拍,球棒,護膝,護腕,安全帶,三角錐,路障
拒馬,告示牌,紅綠燈,監視器,消防栓,灑水器,警報器,保險箱,提款機,販賣機
夾娃娃機,扭蛋機,大頭貼機,卡拉OK機,點唱機,吃角子老虎機,拉霸機,台北101,夜市,迪士尼樂園
便利商店,動物園,機場,醫院,學校,圖書館,電影院,健身房,游泳池,外太空
金字塔,萬里長城,艾菲爾鐵塔,自由女神,北極,鬼屋,監獄,博物館,美術館,遊樂園
水族館,菜市場,百貨公司,警察局,消防局,郵局,銀行,加油站,停車場,公車站
火車站,捷運站,高鐵站,飛機上,船上,潛水艇,太空船,火星,月球,沙漠
叢林,海邊,山上,洞穴,瀑布,火山,冰山,公園,操場,教室
辦公室,廁所,廚房,客廳,臥室,陽台,頂樓,地下室,電梯,手扶梯
斑馬線,天橋,地下道,十字路口,圓環,高速公路,隧道,橋,水庫,發電廠
燈塔,港口,碼頭,海灘,溫泉,飯店,民宿,露營區,棒球場,籃球場
足球場,網球場,高爾夫球場,溜冰場,滑雪場,賽車場,競技場,舞台,攝影棚,網咖
KTV,酒吧,夜店,咖啡廳,早餐店,麵包店,花店,書店,文具店,玩具店
服飾店,鞋店,藥局,診所,牙醫,獸醫院,美容院,理髮廳,按摩店,洗車場
修車廠,資源回收場,垃圾場,墓園,靈骨塔,廟宇,教堂,清真寺,神社,皇宮
城堡,別墅,公寓,大廈,摩天大樓,工廠,倉庫,實驗室,手術室,急診室
加護病房,育嬰室,哺乳室,更衣室,試衣間,售票口,服務台,收銀台,補習班,安親班
幼兒園,大學,高中,國中,小學,福利社,保健室,校長室,訓導處,教務處
總務處,會議室,茶水間,吸菸區,逃生梯,防空洞,避難所,無人島,百慕達三角洲,亞特蘭提斯
故宮博物院,中正紀念堂,國父紀念館,行天宮,龍山寺,霞海城隍廟,淡水老街,九份老街,平溪老街,日月潭
阿里山,太魯閣,墾丁,陽明山,野柳,女王頭,鵝鑾鼻燈塔,赤崁樓,安平古堡,億載金城
孔廟,林家花園,奇美博物館,蘭陽博物館,駁二特區,審計新村,腳踏車,機車,汽車,公車
火車,捷運,高鐵,輕軌,計程車,Uber,卡車,貨車,救護車,警車
消防車,垃圾車,灑水車,郵務車,校車,娃娃車,跑車,敞篷車,吉普車,露營車
戰車,裝甲車,堆高機,怪手,吊車,水泥車,砂石車,拖吊車,直升機,飛機
戰鬥機,無人機,熱氣球,飛船,滑翔翼,降落傘,火箭,太空梭,衛星,幽浮
船,遊艇,郵輪,渡輪,漁船,帆船,獨木舟,橡皮艇,水上摩托車,潛水艇
軍艦,航空母艦,竹筏,龍舟,溜冰鞋,直排輪,滑板,滑板車,三輪車,獨輪車
馬車,牛車,轎子,飛天掃帚,魔毯,任意門,時光機,筋斗雲,竹蜻蜓,飛碟
紅包袋,春聯,燈籠,粽葉,香包,月餅,聖誕樹,聖誕襪,南瓜燈,復活節彩蛋
捧花,婚紗,西裝,領帶,皮帶,吊帶,袖扣,手帕,絲巾,髮夾
髮圈,髮帶,皇冠,權杖,獎盃,獎牌,獎狀,旗子,地毯,窗簾
床單,枕頭,棉被,蚊帳,床墊,沙發,茶几,餐桌,椅子,書桌
書櫃,衣櫃,鞋櫃,床頭櫃,梳妝台,全身鏡,衣架,曬衣夾,洗衣籃,髒衣桶
臉盆,水桶,水瓢,蓮蓬頭,浴缸,馬桶刷,芳香劑,除濕盒,樟腦丸,竹炭
乾燥花,盆栽,花瓶,魚缸,鳥籠,狗屋,貓砂盆,飼料碗,水壺,便當袋
環保袋,購物車,菜籃,行李吊牌,護照套,名片,識別證,門票,電影票,車票
機票,鈔票,硬幣,金條,鑽石,珍珠,水晶,翡翠,玉鐲,金項鍊
銀戒指,銅板,鐵釘,螺絲,螺絲起子,板手,鐵鎚,鋸子,電鑽,捲尺
水平儀,油漆刷,梯子,水管,電線,插座,開關,遙控器,電池,行動電源
自拍棒,手機架,耳機線,充電線,滑鼠墊,鍵盤保護膜,筆電包,平板電腦,電子書,智慧手錶